<?xml version="1.0" encoding="UTF-8" ?>
<config>
	<luceneMatchVersion>4.4</luceneMatchVersion>
	<jmx />

	<abortOnConfigurationError>${solr.abortOnConfigurationError:true}</abortOnConfigurationError>

	<lib dir="c:\solr-4.4.0\dist" regex="solr-cell-\d.*\.jar" />
	<lib dir="c:\solr-4.4.0\contrib/extraction/lib" regex=".*\.jar" />

	<indexConfig>
		<useCompoundFile>false</useCompoundFile>
		<mergeFactor>10</mergeFactor>
		<ramBufferSizeMB>512</ramBufferSizeMB>
		<maxMergeDocs>2147483647</maxMergeDocs>
		<writeLockTimeout>1000</writeLockTimeout>
		<lockType>single</lockType>
		<unlockOnStartup>false</unlockOnStartup>

	</indexConfig>
	<updateHandler class="solr.DirectUpdateHandler2">
		<maxPendingDeletes>1000000</maxPendingDeletes>
		<updateLog>
			<str name="dir">${solr.data.dir:}</str>
		</updateLog>
	</updateHandler>

	<query>
		<maxBooleanClauses>20000</maxBooleanClauses>
		<filterCache
	   class="solr.LRUCache"
	   size="512"
	   initialSize="512"
	   autowarmCount="256"/>

		<queryResultCache
		  class="solr.LRUCache"
		  size="512"
		  initialSize="512"
		  autowarmCount="256"/>

		<documentCache
		  class="solr.LRUCache"
		  size="512"
		  initialSize="512"
		  autowarmCount="0"/>

		<enableLazyFieldLoading>true</enableLazyFieldLoading>
		<queryResultWindowSize>50</queryResultWindowSize>
		<queryResultMaxDocsCached>200</queryResultMaxDocsCached>
		<HashDocSet maxSize="3000" loadFactor="0.75"/>

		<listener event="newSearcher" class="solr.QuerySenderListener">
			<arr name="queries">
				<lst>
					<str name="q">solr</str>
					<str name="start">0</str>
					<str name="rows">10</str>
				</lst>
				<lst>
					<str name="q">rocks</str>
					<str name="start">0</str>
					<str name="rows">10</str>
				</lst>
				<lst>
					<str name="q">static newSearcher warming query from solrconfig.xml</str>
				</lst>
			</arr>
		</listener>

		<listener event="firstSearcher" class="solr.QuerySenderListener">
			<arr name="queries">
			</arr>
		</listener>

		<useColdSearcher>false</useColdSearcher>
		<maxWarmingSearchers>4</maxWarmingSearchers>

	</query>

	<requestDispatcher handleSelect="true" >
		<!--<requestParsers enableRemoteStreaming="false" multipartUploadLimitInKB="2048" />-->
		<requestParsers enableRemoteStreaming="true"
					multipartUploadLimitInKB="2048000" formdataUploadLimitInKB="2048000"  />

		<httpCaching never304="true">
		</httpCaching>
	</requestDispatcher>

	<requestHandler name="standard" class="solr.StandardRequestHandler" default="true">
		<!-- default values for query parameters -->
		<lst name="defaults">
			<str name="echoParams">explicit</str>
		</lst>
	</requestHandler>

	<requestHandler name="/replication" class="solr.ReplicationHandler" startup="lazy" />

	<requestHandler name="/get" class="solr.RealTimeGetHandler">
		<lst name="defaults">
			<str name="omitHeader">true</str>
		</lst>
	</requestHandler>

	<requestHandler name="/update" class="solr.XmlUpdateRequestHandler" >
	</requestHandler>

	<searchComponent name="query"     class="org.apache.solr.handler.component.QueryComponent" />
	<searchComponent name="facet"     class="org.apache.solr.handler.component.FacetComponent" />
	<searchComponent name="mlt"       class="org.apache.solr.handler.component.MoreLikeThisComponent" />
	<searchComponent name="highlight" class="org.apache.solr.handler.component.HighlightComponent" />
	<searchComponent name="debug"     class="org.apache.solr.handler.component.DebugComponent" />

	<requestHandler name="/analysis/field" class="solr.FieldAnalysisRequestHandler" >
	</requestHandler>

	<requestHandler name="/update/extract" class="org.apache.solr.handler.extraction.ExtractingRequestHandler">
		<lst name="defaults">
		</lst>
	</requestHandler>

	<requestHandler name="/admin/" class="org.apache.solr.handler.admin.AdminHandlers" />
	<requestHandler name="/admin/luke" class="org.apache.solr.handler.admin.LukeRequestHandler" />

	<queryResponseWriter name="xslt" class="solr.XSLTResponseWriter">
		<int name="xsltCacheLifetimeSeconds">5</int>
	</queryResponseWriter>

	<admin>
		<defaultQuery>*:*</defaultQuery>
	</admin>
</config>