<?xml version="1.0" encoding="UTF-8" ?>
<schema name="db" version="1.1">
	<types>
		<fieldType name="string" class="solr.StrField" sortMissingLast="true" omitNorms="true"/>
		<fieldType name="boolean" class="solr.BoolField" sortMissingLast="true" omitNorms="true"/>
		<fieldType name="integer" class="solr.IntField" omitNorms="true"/>
		<fieldType name="long" class="solr.LongField" omitNorms="true"/>
		<fieldType name="float" class="solr.FloatField" omitNorms="true"/>
		<fieldType name="double" class="solr.DoubleField" omitNorms="true"/>

		<fieldType name="sint" class="solr.SortableIntField" sortMissingLast="true" omitNorms="true"/>
		<fieldType name="slong" class="solr.SortableLongField" sortMissingLast="true" omitNorms="true"/>
		<fieldType name="sfloat" class="solr.SortableFloatField" sortMissingLast="true" omitNorms="true"/>
		<fieldType name="sdouble" class="solr.SortableDoubleField" sortMissingLast="true" omitNorms="true"/>

		<fieldType name="date" class="solr.DateField" sortMissingLast="true" omitNorms="true"/>

		<fieldType name="simpleType" class="solr.TextField">
			<analyzer type="index">
				<tokenizer class="solr.WhitespaceTokenizerFactory"/>
				<filter class="solr.StopFilterFactory" ignoreCase="true" words="stopwords.txt"/>
				<filter class="solr.WordDelimiterFilterFactory" generateWordParts="1" generateNumberParts="1" catenateWords="1" catenateNumbers="1" catenateAll="0" splitOnCaseChange="1"/>
				<filter class="solr.LowerCaseFilterFactory"/>
				<filter class="solr.RemoveDuplicatesTokenFilterFactory"/>
				<filter class="solr.KStemFilterFactory"/>
			</analyzer>
			<analyzer type="query">
				<tokenizer class="solr.WhitespaceTokenizerFactory"/>
				<filter class="solr.StopFilterFactory" ignoreCase="true" words="stopwords.txt"/>
				<filter class="solr.WordDelimiterFilterFactory" generateWordParts="1" generateNumberParts="1" catenateWords="0" catenateNumbers="0" catenateAll="0" splitOnCaseChange="1"/>
				<filter class="solr.LowerCaseFilterFactory"/>
				<filter class="solr.RemoveDuplicatesTokenFilterFactory"/>
				<filter class="solr.KStemFilterFactory"/>
			</analyzer>
		</fieldType>
	</types>

	<fields>
		<field name="_version_" type="long" indexed="true" stored="true" multiValued="false"/>
		<field name="id" type="string" indexed="true" stored="true" required="true" />
		<field name="name" type="simpleType" indexed="true" stored="true"/>
		<field name="sourceKey" type="integer" indexed="true" stored="true" required="true"/>
	</fields>

	<uniqueKey>id</uniqueKey>

	<defaultSearchField>name</defaultSearchField>

	<solrQueryParser defaultOperator="OR"/>
</schema>
