<?xml version="1.0" encoding="UTF-8" ?>
<schema name="db" version="1.5">
	<types>
		<fieldType name="string" class="solr.StrField" sortMissingLast="true"/>
		<fieldType name="boolean" class="solr.BoolField" sortMissingLast="true"/>
		<fieldType name="integer" class="solr.IntField"/>
		<fieldType name="long" class="solr.LongField"/>
		<fieldType name="float" class="solr.FloatField"/>
		<fieldType name="double" class="solr.DoubleField"/>
		<fieldType name="sint" class="solr.SortableIntField" sortMissingLast="true"/>
		<fieldType name="slong" class="solr.SortableLongField" sortMissingLast="true"/>
		<fieldType name="sfloat" class="solr.SortableFloatField" sortMissingLast="true"/>
		<fieldType name="sdouble" class="solr.SortableDoubleField" sortMissingLast="true"/>
		<fieldType name="date" class="solr.DateField" sortMissingLast="true"/>

		<fieldType name="name_searcher" class="solr.TextField">
			<analyzer type="index">
				<tokenizer class="solr.WhitespaceTokenizerFactory"/>
				<filter class="solr.WordDelimiterFilterFactory" generateWordParts="1" generateNumberParts="1" catenateWords="1" catenateNumbers="1" catenateAll="0" splitOnCaseChange="1"/>
				<filter class="solr.LowerCaseFilterFactory"/>
				<filter class="solr.RemoveDuplicatesTokenFilterFactory"/>
				<filter class="solr.RussianLightStemFilterFactory"/>
			</analyzer>
			<analyzer type="query">
				<tokenizer class="solr.WhitespaceTokenizerFactory"/>
				<filter class="solr.WordDelimiterFilterFactory" generateWordParts="1" generateNumberParts="1" catenateWords="0" catenateNumbers="0" catenateAll="0" splitOnCaseChange="1"/>
				<filter class="solr.LowerCaseFilterFactory"/>
				<filter class="solr.StopFilterFactory" ignoreCase="true" words="stopwords.txt"/>
				<filter class="solr.RemoveDuplicatesTokenFilterFactory"/>
				<filter class="solr.RussianLightStemFilterFactory"/>
			</analyzer>
		</fieldType>

		<fieldType name="synonym_searcher" class="solr.TextField">
			<analyzer type="index">
				<tokenizer class="solr.WhitespaceTokenizerFactory"/>
				<filter class="solr.WordDelimiterFilterFactory" generateWordParts="1" generateNumberParts="1" catenateWords="1" catenateNumbers="1" catenateAll="0" splitOnCaseChange="1"/>
				<filter class="solr.LowerCaseFilterFactory"/>
				<filter class="solr.RussianLightStemFilterFactory"/>
				<filter class="solr.SynonymFilterFactory" synonyms="synonyms.txt" ignoreCase="true" expand="false"/>
				<filter class="solr.RemoveDuplicatesTokenFilterFactory"/>
			</analyzer>
			<analyzer type="query">
				<tokenizer class="solr.WhitespaceTokenizerFactory"/>
				<filter class="solr.WordDelimiterFilterFactory" generateWordParts="1" generateNumberParts="1" catenateWords="0" catenateNumbers="0" catenateAll="0" splitOnCaseChange="1"/>
				<filter class="solr.LowerCaseFilterFactory"/>
				<filter class="solr.StopFilterFactory" ignoreCase="true" words="stopwords.txt"/>
				<filter class="solr.RussianLightStemFilterFactory"/>
				<filter class="solr.RemoveDuplicatesTokenFilterFactory"/>
			</analyzer>
		</fieldType>

		<fieldType name="synonyms_transformer" class="solr.TextField">
			<analyzer>
				<tokenizer class="solr.WhitespaceTokenizerFactory"/>
				<filter class="solr.LowerCaseFilterFactory"/>
				<filter class="solr.RussianLightStemFilterFactory"/>
			</analyzer>
		</fieldType>

		<fieldtype name="ignored" stored="false" indexed="false" class="solr.StrField" />

	</types>

	<fields>
		<!-- COMMON FIELDS -->
		<field name="_version_" type="long" indexed="true" stored="true" multiValued="false"/>
		<!-- unique ID for doc -->
		<field name="id" type="string" indexed="true" stored="true" required="true" />
		<field name="objKey" type="integer" indexed="true" stored="true" required="true" />
		<field name="objId" type="string" indexed="true" stored="true" required="true" />
		<field name="classId" type="integer" indexed="true" stored="true" required="false"/>
		<field name="className" type="name_searcher" indexed="true" stored="true" required="false"/>
		<!-- SEARCH FIELDS -->
		<field name="name" type="name_searcher" indexed="true" stored="true" required="false"/>
		<field name="synName" type="synonym_searcher" indexed="true" stored="true" required="false"/>
		<field name="keyWords" type="name_searcher" indexed="true" stored="true" required="false"/>
		<field name="description" type="name_searcher" indexed="true" stored="true" multiValued="false" required="false"/>
		<field name="dateModified" type="name_searcher" indexed="true" stored="true" multiValued="false" required="false"/>
		<field name="content" type="name_searcher" indexed="true" stored="true" multiValued="false" required="false"/>
		<!-- END SEARCH FIELDS -->
		<!-- timeStamp of document -->
		<field name="timestamp" type="date" indexed="true" stored="true" default="NOW" multiValued="false"/>
		<!-- END COMMON FIELDS -->
	</fields>

	<uniqueKey>id</uniqueKey>

	<defaultSearchField>name</defaultSearchField>

	<solrQueryParser defaultOperator="OR"/>
	<copyField source="name" dest="synName"/>
</schema>
